Categoria,Descricao,FAMILIA_PRODUTO,QTD_REGISTROS_ORIGINAIS
Articuladores,ARTICULADOR BRONZE FECHAM SUAVE 4KG 200MM MV132,ARTICULADOR BRONZE FECHAM SUAVE 4KG 200MM MV132,4
Articuladores,ARTICULADOR FECHAM SUAVE 4KG 200MM MV132,ARTICULADOR FECHAM SUAVE 4KG 200MM MV132,16
Articuladores,ARTICULADOR FECHAM SUAVE ZINCADO 4KG MV167,ARTICULADOR FECHAM SUAVE ZINCADO 4KG MV167,154
Articuladores,ARTICULADOR FECHAM SUAVE ZINCADO 6KG MV167,ARTICULADOR FECHAM SUAVE ZINCADO 6KG MV167,147
Articuladores,ARTICULADOR FECHAMENTO SUAVE ZINCADO 2KG MV167,ARTICULADOR FECHAMENTO SUAVE ZINCADO 2KG MV167,22
Acess¢rios,BARRA ESTABILIZADORA 900MM TRILHO SOFT/TOQUE,BARRA ESTABILIZADORA TRILHO SOFT/TOQUE,5
Acess¢rios,BARRA SINCRONIZADORA 1100MM TRILHO ESCOND MOTUS ABERTURA,BARRA SINCRONIZADORA TRILHO ESCOND MOTUS ABERTURA,18
Acess¢rios,BASE TORRE EXTENSIVEL,BASE TORRE EXTENSIVEL,5
Acess¢rios,CABIDEIRO CALCEIRO EXTENSIVEL 137MM,CABIDEIRO CALCEIRO EXTENSIVEL,11
Acess¢rios,CABIDEIRO EXTENSIVEL 54MM,CABIDEIRO EXTENSIVEL,7
Dobradi‡as,CAL€O 4F PARA DOBRADI€A COM PISTAO H4,CAL€O,1
Dobradi‡as,CALCO INVISIVEL H1 PARA DOBRADICA TITANIO,CAL€O,2
Dobradi‡as,CALCO PARA DOBRADI€A SIMPLES H2 PARA MOVEIS,CAL€O,48
Acess¢rios,CAPA PARA DOBRADI€A COM PISTAO,CAPA PARA DOBRADI€A,4
Acess¢rios,CAPA PARA DOBRADI€A INVISIVEL 25KG PRETA,CAPA PARA DOBRADI€A,19
Acess¢rios,CAPA PARA DOBRADI€A INVISIVEL 35KG PRETA,CAPA PARA DOBRADI€A,2
Acess¢rios,CAPA PARA DOBRADI€A MOTUS PERFIL DE ALUMINIO NIQUELADA,CAPA PARA DOBRADI€A,2
Acess¢rios,CAPA PARA DOBRADI€A MOTUS PERFIL DE ALUMINIO ONIX,CAPA PARA DOBRADI€A,1
Dobradi‡as,DOBRADI€A 105ø COM PISTÇO CLIP ON ALTA NIQUELADA CAL€O 3D,DOBRADI€A 105ø COM PISTÇO CLIP ON NIQUELADA,4
Dobradi‡as,DOBRADI€A 105ø COM PISTÇO CLIP ON RETA NIQUELADA CAL€O 3D,DOBRADI€A 105ø COM PISTÇO CLIP ON NIQUELADA,4
Dobradi‡as,DOBRADI€A 105ø COM PISTÇO CLIP ON SUPER ALTA NIQUELADA,DOBRADI€A 105ø COM PISTÇO CLIP ON NIQUELADA,1
Dobradi‡as,DOBRADI€A 105ø COM PISTÇO CLIP ON ALTA TITANIO CAL€O 3D,DOBRADI€A 105ø COM PISTÇO CLIP ON TITANIO,130
Dobradi‡as,DOBRADI€A 105ø COM PISTÇO CLIP ON ALTA TITANIO CAL€O4F,DOBRADI€A 105ø COM PISTÇO CLIP ON TITANIO,9
Dobradi‡as,DOBRADI€A 105ø COM PISTÇO CLIP ON RETA TITANIO CAL€O 3D,DOBRADI€A 105ø COM PISTÇO CLIP ON TITANIO,178
Dobradi‡as,DOBRADI€A 105ø COM PISTÇO CLIP ON RETA TITANIO CAL€O 4F,DOBRADI€A 105ø COM PISTÇO CLIP ON TITANIO,10
Dobradi‡as,DOBRADI€A 105ø COM PISTÇO CLIP ON SUPER ALTA TITANIO CAL€O,DOBRADI€A 105ø COM PISTÇO CLIP ON TITANIO,46
Dobradi‡as,DOBRADICA 120ø TWO WAY COM PISTAO H0 PARA MOVEIS,DOBRADICA 120ø TWO WAY COM PISTAO H0 PARA MOVEIS,28
Dobradi‡as,DOBRADI€A 155ø TITANIO COM PISTÇO ALTA CAL€O INVISIVEL,DOBRADI€A 155ø TITANIO COM PISTÇO ALTA CAL€O INVISIVEL,10
Dobradi‡as,DOBRADI€A 155ø TITANIO COM PISTÇO RETA CAL€O INVISIVEL,DOBRADI€A 155ø TITANIO COM PISTÇO RETA CAL€O INVISIVEL,12
Dobradi‡as,DOBRADICA 165ø COM PISTAO ALTA CANECO 35 CALCO H2 4F MV170,DOBRADICA 165ø COM PISTAO,59
Dobradi‡as,DOBRADICA 165ø COM PISTAO ALTA CANECO 35 CALCO H2 4F PARA,DOBRADICA 165ø COM PISTAO,739
Dobradi‡as,DOBRADICA 165ø COM PISTAO RETA CANECO 35 CALCO H2 4F MV170,DOBRADICA 165ø COM PISTAO,142
Dobradi‡as,DOBRADICA 165ø COM PISTAO RETA CANECO 35 CALCO H2 4F PARA,DOBRADICA 165ø COM PISTAO,1289
Dobradi‡as,DOBRADICA 165ø SIMPLES ALTA CANECO 35 CALCO H2 MV171 PARA,DOBRADICA 165ø SIMPLES,49
Dobradi‡as,DOBRADICA 165ø SIMPLES ALTA CANECO 35 CALCO H2 PARA MOVEIS,DOBRADICA 165ø SIMPLES,625
Dobradi‡as,DOBRADICA 165ø SIMPLES RETA CANECO 35 CALCO H2 MV171 PARA,DOBRADICA 165ø SIMPLES,19
Dobradi‡as,DOBRADICA 165ø SIMPLES RETA CANECO 35 CALCO H2 PARA MOVEIS,DOBRADICA 165ø SIMPLES,900
Dobradi‡as,DOBRADICA 45ø COM PISTAO CANECO 35 CALCO H0 PARA MOVEIS,DOBRADICA 45ø COM PISTAO,41
Dobradi‡as,DOBRADICA 45ø COM PISTAO CLIP ON CANECO 35 CALCO H0 MV169,DOBRADICA 45ø COM PISTAO,27
Dobradi‡as,DOBRADICA 90ø COM PISTAO CLIP ON ALTA 4 FUROS CANECO 35,DOBRADICA 90ø COM PISTAO,278
Dobradi‡as,DOBRADI€A 90ø TITANIO COM PISTÇO CAL€O INVISIVEL CANECO 35 H1,DOBRADI€A 90ø TITANIO COM PISTÇO CAL€O INVISIVEL CANECO 35 H1,3
Dobradi‡as,DOBRADI€A ALTA COM PISTÇO CAL€O FIXO INOX 201 CANECO 35,DOBRADI€A ALTA COM PISTÇO CAL€O FIXO INOX 201,81
Dobradi‡as,DOBRADI€A RETA COM PISTÇO CAL€O FIXO INOX 201 CANECO 35,DOBRADI€A ALTA COM PISTÇO CAL€O FIXO INOX 201,106
Dobradi‡as,DOBRADI€A SUPER ALTA COM PISTÇO CAL€O FIXO INOX 201 CANECO,DOBRADI€A ALTA COM PISTÇO CAL€O FIXO INOX 201,15
Dobradi‡as,DOBRADICA COM PISTAO CALCO FIXO ALTA LIFE CANECO 35 CALCO,DOBRADICA COM PISTAO CALCO FIXO LIFE,2011
Dobradi‡as,DOBRADICA COM PISTAO CALCO FIXO RETA LIFE CANECO 35 CALCO,DOBRADICA COM PISTAO CALCO FIXO LIFE,2251
Dobradi‡as,DOBRADICA COM PISTAO CALCO FIXO SUPER ALTA LIFE CANECO 35,DOBRADICA COM PISTAO CALCO FIXO LIFE,503
Dobradi‡as,DOBRADICA COM PISTAO ALTA CLIP ON PARA MOVEIS,DOBRADICA COM PISTAO CLIP ON,1
Dobradi‡as,DOBRADICA COM PISTAO CLIP ON RETA CANECO 35 CALCO HO 4F COM,DOBRADICA COM PISTAO CLIP ON,681
Dobradi‡as,DOBRADICA COM PISTAO CLIP ON RETA CANECO 35 CALCO HO COM,DOBRADICA COM PISTAO CLIP ON,143
Dobradi‡as,DOBRADICA COM PISTAO CLIP ON RETA CANECO 35 CALCO HO PARA,DOBRADICA COM PISTAO CLIP ON,5
Dobradi‡as,DOBRADICA COM PISTAO CLIP ON SUPER ALTA CANECO 35 CALCO HO,DOBRADICA COM PISTAO CLIP ON,185
Dobradi‡as,DOBRADICA COM PISTAO RETA CLIP ON PARA MOVEIS,DOBRADICA COM PISTAO CLIP ON,7
Dobradi‡as,KIT C/ 08 DOBRADICAS 45ø COM PISTAO CANECO 35 CALCO H0 PARA,DOBRADICA COM PISTÇO CLIP ON,1
Dobradi‡as,DOBRADICA COM PISTAO CLIP ON ALTA CANECO 35 CALCO HO 3D2,DOBRADICA COM PISTAO CLIP ON ALTA CANECO 35 CALCO HO 3D2,1
Dobradi‡as,DOBRADICA COM PISTAO CLIP ON ALTA CANECO 35 CALCO HO 4F COM,DOBRADICA COM PISTAO CLIP ON ALTA CANECO 35 CALCO HO 4F COM,546
Dobradi‡as,DOBRADICA COM PISTAO CLIP ON ALTA CANECO 35 CALCO HO COM,DOBRADICA COM PISTAO CLIP ON ALTA CANECO 35 CALCO HO COM,113
Dobradi‡as,DOBRADICA COM PISTAO CLIP ON ALTA CANECO 35 CALCO HO PARA,DOBRADICA COM PISTAO CLIP ON ALTA CANECO 35 CALCO HO PARA,9
Dobradi‡as,DOBRADICA COM PISTAO CLIP ON ALTA INOX 201 CANECO 35 CALCO,DOBRADICA COM PISTAO CLIP ON INOX 201,942
Dobradi‡as,DOBRADICA COM PISTAO CLIP ON RETA INOX 201 CANECO 35 CALCO,DOBRADICA COM PISTAO CLIP ON INOX 201,1249
Dobradi‡as,DOBRADICA COM PISTAO CLIP ON SUPER ALTA INOX 201 CANECO 35,DOBRADICA COM PISTAO CLIP ON INOX 201,202
Dobradi‡as,DOBRADICA COM PISTAO CLIP ON ALTA INOX 304 CANECO 35 CALCO,DOBRADICA COM PISTAO CLIP ON INOX 304,123
Dobradi‡as,DOBRADICA COM PISTAO CLIP ON RETA INOX 304 CANECO 35 CALCO,DOBRADICA COM PISTAO CLIP ON INOX 304,202
Dobradi‡as,DOBRADICA COM PISTAO CLIP ON SUPER ALTA INOX 304 CANECO 35,DOBRADICA COM PISTAO CLIP ON INOX 304,28
Dobradi‡as,DOBRADICA COM PISTAO CLIP ON ALTA LIFE CANECO 35 CALCO HO 4F,DOBRADICA COM PISTAO CLIP ON LIFE,3363
Dobradi‡as,DOBRADICA COM PISTAO CLIP ON RETA LIFE CANECO 35 CALCO HO 4F,DOBRADICA COM PISTAO CLIP ON LIFE,4266
Dobradi‡as,DOBRADICA COM PISTAO CLIP ON SUPER ALTA LIFE CANECO 35 CALCO,DOBRADICA COM PISTAO CLIP ON LIFE,1016
Dobradi‡as,DOBRADI€A COM PISTAO SLIDE ON ALTA CANECO 35 CALCO HO COM,DOBRADI€A COM PISTAO SLIDE ON,1
Dobradi‡as,DOBRADICA COM PISTAO SLIDE ON ALTA CANECO 35 CALCO HO PARA,DOBRADI€A COM PISTAO SLIDE ON,133
Dobradi‡as,DOBRADI€A COM PISTAO SLIDE ON RETA CANECO 35 CALCO HO COM,DOBRADI€A COM PISTAO SLIDE ON,2
Dobradi‡as,DOBRADICA COM PISTAO SLIDE ON RETA CANECO 35 CALCO HO PARA,DOBRADI€A COM PISTAO SLIDE ON,126
Dobradi‡as,DOBRADICA COM PISTAO SLIDE ON SUPER ALTA CANECO 35 CALCO HO,DOBRADI€A COM PISTAO SLIDE ON,26
Dobradi‡as,DOBRADICA COM PISTAO SLIDE ON ALTA LIFE CANECO 35 CALCO H2 4F,DOBRADICA COM PISTAO SLIDE ON LIFE,151
Dobradi‡as,DOBRADICA COM PISTAO SLIDE ON RETA LIFE CANECO 35 CALCO H2 4F,DOBRADICA COM PISTAO SLIDE ON LIFE,192
Dobradi‡as,DOBRADICA COM PISTAO SLIDE ON SUPER ALTA LIFE CANECO 35,DOBRADICA COM PISTAO SLIDE ON LIFE,49
Dobradi‡as,DOBRADICA FORCA INVERSA ALTA 2 FUROS CANECO 35 MV135 PARA,DOBRADICA FORCA INVERSA MV135,2
Dobradi‡as,DOBRADICA FORCA INVERSA RETA 2 FUROS CANECO 35 MV135 PARA,DOBRADICA FORCA INVERSA MV135,2
Dobradi‡as,DOBRADI€A INVISÖVEL PRETA FECHAMENTO SOFT KIT 25KGS,DOBRADI€A INVISÖVEL PRETA 25KG,77
Dobradi‡as,DOBRADI€A INVISÖVEL PRETA FECHAMENTO SOFT KIT 35KG,DOBRADI€A INVISÖVEL PRETA 35KG,12
Dobradi‡as,DOBRADICA MOTUS 105ø INVISIVEL ALTA NIQUELADA COM PISTAO,DOBRADICA MOTUS 105ø INVISIVEL NIQUELADA,91
Dobradi‡as,DOBRADICA MOTUS 105ø INVISIVEL RETA NIQUELADA COM PISTAO,DOBRADICA MOTUS 105ø INVISIVEL NIQUELADA,166
Dobradi‡as,DOBRADICA MOTUS 105ø INVISIVEL SUPER ALTA NIQUELADA COM,DOBRADICA MOTUS 105ø INVISIVEL NIQUELADA,26
Dobradi‡as,DOBRADICA MOTUS 105ø INVISIVEL ALTA COM PISTAO PARA MOVEIS,DOBRADICA MOTUS 105ø INVISIVEL ONIX,59
Dobradi‡as,DOBRADICA MOTUS 105ø INVISIVEL RETA COM PISTAO PARA MOVEIS,DOBRADICA MOTUS 105ø INVISIVEL ONIX,95
Dobradi‡as,DOBRADICA MOTUS 105ø INVISIVEL SUPER ALTA COM PISTAO PARA,DOBRADICA MOTUS 105ø INVISIVEL ONIX,11
Dobradi‡as,DOBRADICA MOTUS 105ø INVISIVEL SUPER ALTA ONIX COM PISTAO,DOBRADICA MOTUS 105ø INVISIVEL ONIX,14
Dobradi‡as,DOBRADICA MOTUS 105ø PRETA INVISIVEL ALTA COM PISTAO PARA,DOBRADICA MOTUS 105ø INVISIVEL ONIX,102
Dobradi‡as,DOBRADICA MOTUS 105ø PRETA INVISIVEL RETA COM PISTAO PARA,DOBRADICA MOTUS 105ø INVISIVEL ONIX,158
Dobradi‡as,DOBRADICA MOTUS 105ø PRETA INVISIVEL SUPER ALTA COM PISTAO,DOBRADICA MOTUS 105ø INVISIVEL ONIX,25
Dobradi‡as,DOBRADICA MOTUS 105ø INVISIVEL ALTA ONIX COM PISTAO PERFIL,DOBRADICA MOTUS 105ø INVISIVEL ONIX - PERFIL,51
Dobradi‡as,DOBRADICA MOTUS 105ø INVISIVEL RETA ONIX COM PISTAO PERFIL,DOBRADICA MOTUS 105ø INVISIVEL ONIX - PERFIL,89
Dobradi‡as,DOBRADICA MOVE COM PISTAO CAL€O FIXO ALTA CANECO 35 CAL€O,DOBRADICA MOVE COM PISTAO CAL€O FIXO,32
Dobradi‡as,DOBRADICA MOVE COM PISTAO CAL€O FIXO RETA CANECO 35 CAL€O,DOBRADICA MOVE COM PISTAO CAL€O FIXO,32
Dobradi‡as,DOBRADICA MOVE COM PISTAO CAL€O FIXO SUPER ALTA CANECO 35,DOBRADICA MOVE COM PISTAO CAL€O FIXO,5
Dobradi‡as,DOBRADICA MOVE COM PISTAO CLIP ON ALTA CANECO 35 CAL€O 4,DOBRADICA MOVE COM PISTAO CLIP ON,17
Dobradi‡as,DOBRADICA MOVE COM PISTAO CLIP ON RETA CANECO 35 CAL€O 4,DOBRADICA MOVE COM PISTAO CLIP ON,22
Dobradi‡as,DOBRADICA MOVE COM PISTAO CLIP ON SUPER ALTA CANECO 35,DOBRADICA MOVE COM PISTAO CLIP ON,2
Dobradi‡as,DOBRADICA SIMPLES ALTA CANECO 35 CALCO H2,DOBRADICA SIMPLES,9
Dobradi‡as,DOBRADICA SIMPLES ALTA CANECO 35 CALCO H4 PARA MOVEIS,DOBRADICA SIMPLES,50
Dobradi‡as,DOBRADICA SIMPLES ALTA SEM CAL€O PARA MOVEIS,DOBRADICA SIMPLES,3
Dobradi‡as,DOBRADICA SIMPLES SUPER ALTA CANECO 35 CALCO H4 PARA,DOBRADICA SIMPLES,17
Corredi‡a Oculta,GAVETA DREAM BOX ALTURA 133.5MM 400MM CINZA,GAVETA DREAM BOX ,1
Corredi‡a Oculta,GAVETA DREAM BOX ALTURA 133.5MM 450MM CINZA,GAVETA DREAM BOX ,4
Corredi‡a Oculta,GAVETA DREAM BOX ALTURA 133.5MM 500MM CINZA,GAVETA DREAM BOX ,9
Corredi‡a Oculta,GAVETA DREAM BOX ALTURA 133.5MM 550MM CINZA,GAVETA DREAM BOX ,4
Corredi‡a Oculta,GAVETA DREAM BOX ALTURA 180.5MM 400MM CINZA,GAVETA DREAM BOX ,3
Corredi‡a Oculta,GAVETA DREAM BOX ALTURA 180.5MM 450MM CINZA,GAVETA DREAM BOX ,3
Corredi‡a Oculta,GAVETA DREAM BOX ALTURA 180.5MM 500MM CINZA,GAVETA DREAM BOX ,13
Corredi‡a Oculta,GAVETA DREAM BOX ALTURA 180.5MM 500MM CINZA LATERAL VIDRO,GAVETA DREAM BOX ,1
Corredi‡a Oculta,GAVETA DREAM BOX ALTURA 180.5MM 550MM CINZA,GAVETA DREAM BOX ,7
Corredi‡a Oculta,GAVETA DREAM BOX ALTURA 95.5MM 400MM CINZA,GAVETA DREAM BOX ,2
Corredi‡a Oculta,GAVETA DREAM BOX ALTURA 95.5MM 450MM CINZA,GAVETA DREAM BOX ,8
Corredi‡a Oculta,GAVETA DREAM BOX ALTURA 95.5MM 500MM CINZA,GAVETA DREAM BOX ,10
Corredi‡a Oculta,GAVETA DREAM BOX ALTURA 95.5MM 550MM CINZA,GAVETA DREAM BOX ,6
Corredi‡a Oculta,GAVETA OPENBOX 400MM BRANCO,GAVETA OPENBOX,24
Corredi‡a Oculta,GAVETA OPENBOX 400MM METALICA,GAVETA OPENBOX,14
Corredi‡a Oculta,GAVETA OPENBOX 450MM BRANCO,GAVETA OPENBOX,23
Corredi‡a Oculta,GAVETA OPENBOX 450MM METALICA,GAVETA OPENBOX,18
Corredi‡a Oculta,GAVETA OPENBOX 500MM BRANCO,GAVETA OPENBOX,22
Corredi‡a Oculta,GAVETA OPENBOX 500MM METALICA,GAVETA OPENBOX,20
Corredi‡a Oculta,GAVETA OPENBOX 550MM BRANCO,GAVETA OPENBOX,8
Corredi‡a Oculta,GAVETA OPENBOX 550MM METALICA,GAVETA OPENBOX,15
Corredi‡a Oculta,GAVETA OPENBOX GERACAO 2 400MM BRANCO,GAVETA OPENBOX GERACAO 2,3
Corredi‡a Oculta,GAVETA OPENBOX GERACAO 2 400MM CINZA,GAVETA OPENBOX GERACAO 2,1
Corredi‡a Oculta,GAVETA OPENBOX GERACAO 2 450MM BRANCO,GAVETA OPENBOX GERACAO 2,7
Corredi‡a Oculta,GAVETA OPENBOX GERACAO 2 450MM CINZA,GAVETA OPENBOX GERACAO 2,6
Corredi‡a Oculta,GAVETA OPENBOX GERACAO 2 500MM BRANCO,GAVETA OPENBOX GERACAO 2,20
Corredi‡a Oculta,GAVETA OPENBOX GERACAO 2 500MM CINZA,GAVETA OPENBOX GERACAO 2,20
Corredi‡a Oculta,GAVETA OPENBOX GERACAO 2 550MM BRANCO,GAVETA OPENBOX GERACAO 2,1
Corredi‡a Oculta,GAVETA OPENBOX GERACAO 2 550MM CINZA,GAVETA OPENBOX GERACAO 2,3
Corredi‡a Oculta,GAVETA OPENBOX LATERAL VIDRO 450MM CINZA 199MM,GAVETA OPENBOX LATERAL VIDRO,1
Corredi‡a Oculta,GAVETA OPENBOX LATERAL VIDRO 500MM BRANCO 199MM,GAVETA OPENBOX LATERAL VIDRO,1
Corredi‡a Oculta,GAVETA OPENBOX LATERAL VIDRO 500MM CINZA 199MM,GAVETA OPENBOX LATERAL VIDRO,2
Corredi‡a Oculta,GAVETA OPENBOX LATERAL VIDRO 550MM CINZA 199MM,GAVETA OPENBOX LATERAL VIDRO,1
Corredi‡a Oculta,GAVETA SLIM BOX H152 450MM BRANCA 15MM,GAVETA SLIM BOX,1
Corredi‡a Oculta,GAVETA SLIM BOX H152 450MM CINZA 15MM,GAVETA SLIM BOX,1
Corredi‡a Oculta,GAVETA SLIM BOX H152 500MM BRANCA 15MM,GAVETA SLIM BOX,4
Corredi‡a Oculta,GAVETA SLIM BOX H152 500MM CINZA 15MM,GAVETA SLIM BOX,6
Corredi‡a Oculta,GAVETA SLIM BOX H152 550MM BRANCA 15MM,GAVETA SLIM BOX,1
Corredi‡a Oculta,GAVETA SLIM BOX H152MM 500MM PRETA 15MM,GAVETA SLIM BOX,1
Corredi‡a Oculta,GAVETA SLIM BOX H184 350MM BRANCA 15MM,GAVETA SLIM BOX,1
Corredi‡a Oculta,GAVETA SLIM BOX H184 450MM BRANCA 15MM,GAVETA SLIM BOX,1
Corredi‡a Oculta,GAVETA SLIM BOX H184 500MM BRANCA 15MM,GAVETA SLIM BOX,6
Corredi‡a Oculta,GAVETA SLIM BOX H184 500MM CINZA 15MM,GAVETA SLIM BOX,6
Corredi‡a Oculta,GAVETA SLIM BOX H184 550MM BRANCA 15MM,GAVETA SLIM BOX,1
Corredi‡a Oculta,GAVETA SLIM BOX H184MM 500MM PRETA 15MM,GAVETA SLIM BOX,1
Corredi‡a Oculta,GAVETA SLIM BOX H89 400MM CINZA 15MM,GAVETA SLIM BOX,1
Corredi‡a Oculta,GAVETA SLIM BOX H89 450MM BRANCA 15MM,GAVETA SLIM BOX,1
Corredi‡a Oculta,GAVETA SLIM BOX H89 450MM CINZA 15MM,GAVETA SLIM BOX,1
Corredi‡a Oculta,GAVETA SLIM BOX H89 500MM BRANCA 15MM,GAVETA SLIM BOX,5
Corredi‡a Oculta,GAVETA SLIM BOX H89 500MM CINZA 15MM,GAVETA SLIM BOX,7
Corredi‡a Oculta,GAVETA SLIM BOX H89 550MM BRANCA 15MM,GAVETA SLIM BOX,2
Acess¢rios,KIT EXTENSOR DUPLO GAVETA OPENBOX 400MM BRANCO,KIT EXTENSOR GAVETA OPENBOX,1
Acess¢rios,KIT EXTENSOR DUPLO GAVETA OPENBOX 400MM CINZA,KIT EXTENSOR GAVETA OPENBOX,1
Acess¢rios,KIT EXTENSOR DUPLO GAVETA OPENBOX 450MM BRANCO,KIT EXTENSOR GAVETA OPENBOX,4
Acess¢rios,KIT EXTENSOR DUPLO GAVETA OPENBOX 450MM CINZA,KIT EXTENSOR GAVETA OPENBOX,3
Acess¢rios,KIT EXTENSOR DUPLO GAVETA OPENBOX 500MM BRANCO,KIT EXTENSOR GAVETA OPENBOX,14
Acess¢rios,KIT EXTENSOR DUPLO GAVETA OPENBOX 500MM CINZA,KIT EXTENSOR GAVETA OPENBOX,9
Acess¢rios,KIT EXTENSOR DUPLO GAVETA OPENBOX 550MM BRANCO,KIT EXTENSOR GAVETA OPENBOX,1
Acess¢rios,KIT EXTENSOR DUPLO GAVETA OPENBOX 550MM CINZA,KIT EXTENSOR GAVETA OPENBOX,2
Acess¢rios,KIT EXTENSOR PARA GAVETA OPENBOX 400MM 164MM BRANCO,KIT EXTENSOR GAVETA OPENBOX,6
Acess¢rios,KIT EXTENSOR PARA GAVETA OPENBOX 400MM 164MM METALICA,KIT EXTENSOR GAVETA OPENBOX,9
Acess¢rios,KIT EXTENSOR PARA GAVETA OPENBOX 400MM 204MM BRANCO,KIT EXTENSOR GAVETA OPENBOX,8
Acess¢rios,KIT EXTENSOR PARA GAVETA OPENBOX 400MM 204MM METALICA,KIT EXTENSOR GAVETA OPENBOX,5
Acess¢rios,KIT EXTENSOR PARA GAVETA OPENBOX 450MM 164MM BRANCO,KIT EXTENSOR GAVETA OPENBOX,6
Acess¢rios,KIT EXTENSOR PARA GAVETA OPENBOX 450MM 164MM METALICA,KIT EXTENSOR GAVETA OPENBOX,4
Acess¢rios,KIT EXTENSOR PARA GAVETA OPENBOX 450MM 204MM BRANCO,KIT EXTENSOR GAVETA OPENBOX,10
Acess¢rios,KIT EXTENSOR PARA GAVETA OPENBOX 450MM 204MM METALICA,KIT EXTENSOR GAVETA OPENBOX,8
Acess¢rios,KIT EXTENSOR PARA GAVETA OPENBOX 500MM 164MM BRANCO,KIT EXTENSOR GAVETA OPENBOX,9
Acess¢rios,KIT EXTENSOR PARA GAVETA OPENBOX 500MM 164MM METALICA,KIT EXTENSOR GAVETA OPENBOX,6
Acess¢rios,KIT EXTENSOR PARA GAVETA OPENBOX 500MM 204MM BRANCO,KIT EXTENSOR GAVETA OPENBOX,15
Acess¢rios,KIT EXTENSOR PARA GAVETA OPENBOX 500MM 204MM METALICA,KIT EXTENSOR GAVETA OPENBOX,10
Acess¢rios,KIT EXTENSOR PARA GAVETA OPENBOX 550MM 164MM BRANCO,KIT EXTENSOR GAVETA OPENBOX,2
Acess¢rios,KIT EXTENSOR PARA GAVETA OPENBOX 550MM 164MM METALICA,KIT EXTENSOR GAVETA OPENBOX,5
Acess¢rios,KIT EXTENSOR PARA GAVETA OPENBOX 550MM 204MM BRANCO,KIT EXTENSOR GAVETA OPENBOX,5
Acess¢rios,KIT EXTENSOR PARA GAVETA OPENBOX 550MM 204MM METALICA,KIT EXTENSOR GAVETA OPENBOX,10
Acess¢rios,KIT EXTENSOR GAVETA OPENBOX GERACAO 2 400MM BRANCO,KIT EXTENSOR GAVETA OPENBOX GERACAO 2,3
Acess¢rios,KIT EXTENSOR GAVETA OPENBOX GERACAO 2 450MM BRANCO,KIT EXTENSOR GAVETA OPENBOX GERACAO 2,2
Acess¢rios,KIT EXTENSOR GAVETA OPENBOX GERACAO 2 450MM CINZA,KIT EXTENSOR GAVETA OPENBOX GERACAO 2,3
Acess¢rios,KIT EXTENSOR GAVETA OPENBOX GERACAO 2 500MM BRANCO,KIT EXTENSOR GAVETA OPENBOX GERACAO 2,8
Acess¢rios,KIT EXTENSOR GAVETA OPENBOX GERACAO 2 500MM CINZA,KIT EXTENSOR GAVETA OPENBOX GERACAO 2,5
Acess¢rios,KIT EXTENSOR GAVETA OPENBOX GERACAO 2 550MM BRANCO,KIT EXTENSOR GAVETA OPENBOX GERACAO 2,1
Acess¢rios,PERCINTAS ELASTICAS WEBBING 350G,PERCINTAS,1
Acess¢rios,"OPEN 102 - 18MM PERFIL PUXADOR DE ALUMINIO 5,85MT",PERFIL PUXADOR DE ALUMINIO,3
Acess¢rios,"OPEN 162 - 15MM PERFIL PUXADOR DE ALUMINIO 5,85MT",PERFIL PUXADOR DE ALUMINIO,1
Acess¢rios,PINO GALVANIZADO F30,PINO GALVANIZADO,11
Acess¢rios,PINO GALVANIZADO F35,PINO GALVANIZADO,8
Acess¢rios,PINO GALVANIZADO F45,PINO GALVANIZADO,5
Acess¢rios,PINO GALVANIZADO F50,PINO GALVANIZADO,7
Articuladores,PISTAO 100N,PISTAO 100N,1094
Articuladores,PISTAO 100N COM AMORTECIMENTO 690014822,PISTAO 100N COM AMORTECIMENTO 690014822,7
Articuladores,PISTAO 100N FI,PISTAO 100N FI,419
Articuladores,PISTAO 100N FORCA INVERSA,PISTAO 100N FORCA INVERSA,9
Articuladores,PISTAO 100N SOPR,PISTAO 100N SOPR,1
Articuladores,PISTAO 120N,PISTAO 120N,741
Articuladores,PISTAO 120N FI,PISTAO 120N FI,180
Articuladores,PISTAO 120N FORCA INVERSA,PISTAO 120N FORCA INVERSA,26
Articuladores,PISTAO 150 N,PISTAO 150 N,1
Articuladores,PISTAO 150 NORMAL,PISTAO 150 NORMAL,37
Articuladores,PISTAO 150N,PISTAO 150N,178
Articuladores,PISTAO 150N COM AMORTECIMENTO 690014646,PISTAO 150N COM AMORTECIMENTO 690014646,73
Articuladores,PISTAO 2 ELEVADORES 100N-1912015,PISTAO 2 ELEVADORES 100N-1912015,108
Articuladores,PISTAO 2 ELEVADORES 80N FOR€A INVERSA 2940099 TODESCHINI,PISTAO 2 ELEVADORES 80N FOR€A INVERSA 2940099 TODESCHINI,104
Articuladores,PISTAO 2 ELEVADORES 80N-2940399,PISTAO 2 ELEVADORES 80N-2940399,108
Articuladores,PISTAO 40N,PISTAO 40N,207
Articuladores,PISTAO 50N COM AMORTECIMENTO 690014644,PISTAO 50N COM AMORTECIMENTO 690014644,95
Articuladores,PISTAO 60N,PISTAO 60N,1614
Articuladores,PISTÇO 60N 20127.001 FOR€A INVERSA H,PISTÇO 60N 20127.001 FOR€A INVERSA H,3
Articuladores,PISTAO 60N FI,PISTAO 60N FI,859
Articuladores,PISTAO 80N,PISTAO 80N,2257
Articuladores,PISTAO 80N COM AMORTECIMENTO 690014645,PISTAO 80N COM AMORTECIMENTO 690014645,100
Articuladores,PISTAO 80N FI,PISTAO 80N FI,1433
Articuladores,PISTAO 80N FI SOPR,PISTAO 80N FI SOPR,10
Articuladores,PISTAO 80N FOR€A INVERSA 1911099 TODESCHINI,PISTAO 80N FOR€A INVERSA 1911099 TODESCHINI,66
Articuladores,PISTAO A GAS SLIM 100N,PISTAO A GAS SLIM 100N,23
Articuladores,PISTAO A GAS SLIM 100N FI,PISTAO A GAS SLIM 100N FI,13
Articuladores,PISTAO A GAS SLIM 60N,PISTAO A GAS SLIM 60N,27
Articuladores,PISTAO A GAS SLIM 60N FI,PISTAO A GAS SLIM 60N FI,28
Articuladores,PISTAO A GAS SLIM 80N,PISTAO A GAS SLIM 80N,42
Articuladores,PISTAO A GAS SLIM 80N FI,PISTAO A GAS SLIM 80N FI,21
Articuladores,PISTAO ARTICULADOR 100N MV130,PISTAO ARTICULADOR 100N MV130,204
Articuladores,PISTAO ARTICULADOR 120N MV130,PISTAO ARTICULADOR 120N MV130,103
Articuladores,PISTAO ARTICULADOR 150N MV130,PISTAO ARTICULADOR 150N MV130,16
Articuladores,PISTAO ARTICULADOR 50N MV130,PISTAO ARTICULADOR 50N MV130,11
Articuladores,PISTAO ARTICULADOR 60N MV130,PISTAO ARTICULADOR 60N MV130,190
Articuladores,PISTAO ARTICULADOR 80N MV130,PISTAO ARTICULADOR 80N MV130,238
Articuladores,PISTAO BR 100N,PISTAO BR 100N,20
Articuladores,PISTAO BR 100N FI,PISTAO BR 100N FI,11
Articuladores,PISTAO BR 60N,PISTAO BR 60N,25
Articuladores,PISTAO BR 60N FI,PISTAO BR 60N FI,22
Articuladores,PISTAO BR 80N,PISTAO BR 80N,55
Articuladores,PISTAO BR 80N FI,PISTAO BR 80N FI,40
Articuladores,PISTAO MINI 30N,PISTAO MINI 30N,19
Articuladores,PISTAO MINI 50N,PISTAO MINI 50N,61
Articuladores,PISTAO MINI 80N,PISTAO MINI 80N,83
Pulsadores,PULSADOR FLEX FECHAMENTO SOFT ATE 2 DOBRADI€AS,PULSADOR FLEX,31
Pulsadores,PULSADOR FLEX FECHAMENTO SOFT ATE 4 DOBRADI€AS,PULSADOR FLEX,24
Pulsadores,PULSADOR MAGNETICO DE EMBUTIR CINZA,PULSADOR MAGNETICO DE EMBUTIR,78
Pulsadores,PULSADOR MAGNETICO DE EMBUTIR CINZA 25N,PULSADOR MAGNETICO DE EMBUTIR,13
Pulsadores,PULSADOR MAGNETICO DE EMBUTIR GRAFITE 25N,PULSADOR MAGNETICO DE EMBUTIR,7
Pulsadores,PULSADOR MAGNETICO DE SOBREPOR BRANCO 25N,PULSADOR MAGNETICO DE EMBUTIR,273
Pulsadores,PULSADOR MAGNETICO DE SOBREPOR BRANCO,PULSADOR MAGNETICO DE SOBREPOR ,96
Pulsadores,PULSADOR MAGNETICO DE SOBREPOR CINZA,PULSADOR MAGNETICO DE SOBREPOR ,104
Pulsadores,PULSADOR MAGNETICO DE SOBREPOR CINZA 25N,PULSADOR MAGNETICO DE SOBREPOR ,155
Pulsadores,PULSADOR MAGNETICO DE SOBREPOR GRAFITE 25N,PULSADOR MAGNETICO DE SOBREPOR ,118
Acess¢rios,REGUA LED COM SENSOR APROXIMACAO,REGUA LED COM SENSOR,2
Rodizios,RODIZIO INDUSTRIAL 90 MM COM TRAVA,RODIZIO INDUSTRIAL,5
Rodizios,RODIZIO INDUSTRIAL 90 MM SEM TRAVA,RODIZIO INDUSTRIAL,4
Rodizios,KIT 2 RODIZIO TRANSPARENTE OPEN 50MM CARRARO - 60800,RODIZIO TRANSPARENTE,107
Rodizios,KIT 2 RODIZIO TRANSPARENTE OPEN 50MM COM FREIO UNICASA,RODIZIO TRANSPARENTE,3
Rodizios,KIT 2 RODIZIO TRANSPARENTE OPEN 50MM SEM FREIO UNICASA,RODIZIO TRANSPARENTE,3
Rodizios,KIT 2 RODIZIO TRANSPARENTE OPEN 75MM CARRARO - 60799,RODIZIO TRANSPARENTE,107
Rodizios,KIT 3 RODIZIO TRANSPARENTE OPEN 50MM,RODIZIO TRANSPARENTE,7
Rodizios,KIT 4 RODIZIO TRANSPARENTE OPEN 50MM - DITALIA,RODIZIO TRANSPARENTE,1
Rodizios,KIT 4 RODIZIO TRANSPARENTE OPEN 50MM ITALINEA -,RODIZIO TRANSPARENTE,122
Rodizios,KIT 4 RODIZIO TRANSPARENTE OPEN 75MM,RODIZIO TRANSPARENTE,27
Rodizios,KIT 4 RODIZIO TRANSPARENTE OPEN 75MM ITALINEA -,RODIZIO TRANSPARENTE,115
Rodizios,RODIZIO TRANSPARENTE 35MM COM FREIO,RODIZIO TRANSPARENTE,402
Rodizios,RODIZIO TRANSPARENTE 35MM COM FREIO - 1182,RODIZIO TRANSPARENTE,46
Rodizios,RODIZIO TRANSPARENTE 35MM SEM FREIO,RODIZIO TRANSPARENTE,691
Rodizios,RODIZIO TRANSPARENTE 35MM SEM FREIO - 1183,RODIZIO TRANSPARENTE,30
Rodizios,RODIZIO TRANSPARENTE 50MM COM FREIO,RODIZIO TRANSPARENTE,1153
Rodizios,RODIZIO TRANSPARENTE 50MM COM FREIO - 1184,RODIZIO TRANSPARENTE,36
Rodizios,RODIZIO TRANSPARENTE 50MM SEM FREIO,RODIZIO TRANSPARENTE,1366
Rodizios,RODIZIO TRANSPARENTE 50MM SEM FREIO - 1185,RODIZIO TRANSPARENTE,25
Rodizios,RODIZIO TRANSPARENTE 75MM COM FREIO,RODIZIO TRANSPARENTE,340
Rodizios,RODIZIO TRANSPARENTE 75MM COM FREIO - 1186,RODIZIO TRANSPARENTE,27
Rodizios,RODIZIO TRANSPARENTE 75MM SEM FREIO,RODIZIO TRANSPARENTE,406
Rodizios,RODIZIO TRANSPARENTE 75MM SEM FREIO - 1187,RODIZIO TRANSPARENTE,22
Rodizios,RODIZIO TRANSPARENTE 35MM COM FREIO MV105 Z,RODIZIO TRANSPARENTE - Z,167
Rodizios,RODIZIO TRANSPARENTE 35MM SEM FREIO MV104 Z,RODIZIO TRANSPARENTE - Z,248
Rodizios,RODIZIO TRANSPARENTE 50MM COM FREIO MV105 Z,RODIZIO TRANSPARENTE - Z,348
Rodizios,RODIZIO TRANSPARENTE 50MM SEM FREIO MV104 Z,RODIZIO TRANSPARENTE - Z,481
Rodizios,RODIZIO TRANSPARENTE 75MM COM FREIO MV105 Z,RODIZIO TRANSPARENTE - Z,103
Rodizios,RODIZIO TRANSPARENTE 75MM SEM FREIO MV104 Z,RODIZIO TRANSPARENTE - Z,115
Rodizios,RODIZIO TRANSPARENTE 35MM COM FREIO RODA CHATA MV112,RODIZIO TRANSPARENTE RODA CHATA,34
Rodizios,RODIZIO TRANSPARENTE 35MM SEM FREIO RODA CHATA MV113,RODIZIO TRANSPARENTE RODA CHATA,43
Rodizios,RODIZIO TRANSPARENTE 50MM COM FREIO RODA CHATA MV112,RODIZIO TRANSPARENTE RODA CHATA,221
Rodizios,RODIZIO TRANSPARENTE 50MM COM FREIO RODA CHATA MV113 - 850,RODIZIO TRANSPARENTE RODA CHATA,19
Rodizios,RODIZIO TRANSPARENTE 50MM SEM FREIO RODA CHATA MV113 - 851,RODIZIO TRANSPARENTE RODA CHATA,34
Rodizios,RODIZIO TRANSPARENTE 75MM COM FREIO RODA CHATA MV112,RODIZIO TRANSPARENTE RODA CHATA,35
Rodizios,RODIZIO TRANSPARENTE 75MM SEM FREIO RODA CHATA MV113,RODIZIO TRANSPARENTE RODA CHATA,29
Rodizios,RODIZIO TRANSPARENTE 75MM SEM FREIO RODA CHATA MV113 - 853,RODIZIO TRANSPARENTE RODA CHATA,9
Rodizios,RODIZIO TRANSPARENTE 50MM SEM FREIO RODA CHATA MV 113,RODIZIO TRANSPARENTE RODA CHATA,217
Articuladores,SUPORTE ARTICULADOR MULTISTOP LEVE,SUPORTE ARTICULADOR MULTISTOP LEVE,211
Articuladores,SUPORTE ARTICULADOR MULTISTOP LEVE 690014647,SUPORTE ARTICULADOR MULTISTOP LEVE 690014647,42
Articuladores,SUPORTE ARTICULADOR MULTISTOP PESADO,SUPORTE ARTICULADOR MULTISTOP PESADO,154
Articuladores,SUPORTE ARTICULADOR OPEN C01 HEAVY,SUPORTE ARTICULADOR OPEN C01 HEAVY,1
Corredi‡a Oculta,TRILHO ESCOND ABERT TOQUE ET CC 300MM MV161,TRILHO ESCOND ABERT TOQUE MV161,285
Corredi‡a Oculta,TRILHO ESCOND ABERT TOQUE ET CC 300MM MV161 18MM,TRILHO ESCOND ABERT TOQUE MV161,310
Corredi‡a Oculta,TRILHO ESCOND ABERT TOQUE ET CC 350MM MV161,TRILHO ESCOND ABERT TOQUE MV161,328
Corredi‡a Oculta,TRILHO ESCOND ABERT TOQUE ET CC 350MM MV161 18MM,TRILHO ESCOND ABERT TOQUE MV161,359
Corredi‡a Oculta,TRILHO ESCOND ABERT TOQUE ET CC 400MM MV161,TRILHO ESCOND ABERT TOQUE MV161,341
Corredi‡a Oculta,TRILHO ESCOND ABERT TOQUE ET CC 400MM MV161 18MM,TRILHO ESCOND ABERT TOQUE MV161,384
Corredi‡a Oculta,TRILHO ESCOND ABERT TOQUE ET CC 450MM MV161,TRILHO ESCOND ABERT TOQUE MV161,280
Corredi‡a Oculta,TRILHO ESCOND ABERT TOQUE ET CC 450MM MV161 18MM,TRILHO ESCOND ABERT TOQUE MV161,319
Corredi‡a Oculta,TRILHO ESCOND ABERT TOQUE ET CC 500MM MV161,TRILHO ESCOND ABERT TOQUE MV161,275
Corredi‡a Oculta,TRILHO ESCOND ABERT TOQUE ET CC 500MM MV161 18MM,TRILHO ESCOND ABERT TOQUE MV161,304
Corredi‡a Oculta,TRILHO ESCOND ABERT TOQUE ET CC 550MM MV161,TRILHO ESCOND ABERT TOQUE MV161,62
Corredi‡a Oculta,TRILHO ESCOND ABERT TOQUE ET CC 550MM MV161 18MM,TRILHO ESCOND ABERT TOQUE MV161,86
Corredi‡a Oculta,TRILHO ESCOND FECHAMENTO SOFT ET CC 300MM MV122,TRILHO ESCOND FECHAMENTO SOFT MV122,1559
Corredi‡a Oculta,TRILHO ESCOND FECHAMENTO SOFT ET CC 300MM MV122 18MM,TRILHO ESCOND FECHAMENTO SOFT MV122,1199
Corredi‡a Oculta,TRILHO ESCOND FECHAMENTO SOFT ET CC 350MM MV122,TRILHO ESCOND FECHAMENTO SOFT MV122,1925
Corredi‡a Oculta,TRILHO ESCOND FECHAMENTO SOFT ET CC 350MM MV122 18MM,TRILHO ESCOND FECHAMENTO SOFT MV122,1514
Corredi‡a Oculta,TRILHO ESCOND FECHAMENTO SOFT ET CC 400MM MV122,TRILHO ESCOND FECHAMENTO SOFT MV122,2225
Corredi‡a Oculta,TRILHO ESCOND FECHAMENTO SOFT ET CC 400MM MV122 18MM,TRILHO ESCOND FECHAMENTO SOFT MV122,1602
Corredi‡a Oculta,TRILHO ESCOND FECHAMENTO SOFT ET CC 450MM MV122,TRILHO ESCOND FECHAMENTO SOFT MV122,2415
Corredi‡a Oculta,TRILHO ESCOND FECHAMENTO SOFT ET CC 450MM MV122 18MM,TRILHO ESCOND FECHAMENTO SOFT MV122,1768
Corredi‡a Oculta,TRILHO ESCOND FECHAMENTO SOFT ET CC 500MM MV122,TRILHO ESCOND FECHAMENTO SOFT MV122,2897
Corredi‡a Oculta,TRILHO ESCOND FECHAMENTO SOFT ET CC 500MM MV122 18MM,TRILHO ESCOND FECHAMENTO SOFT MV122,2103
Corredi‡a Oculta,TRILHO ESCOND FECHAMENTO SOFT ET CC 550MM MV122,TRILHO ESCOND FECHAMENTO SOFT MV122,747
Corredi‡a Oculta,TRILHO ESCOND FECHAMENTO SOFT ET CC 550MM MV122 18MM,TRILHO ESCOND FECHAMENTO SOFT MV122,855
Corredi‡a Oculta,TRILHO ESCOND MOTUS ABERT TOQUE E.T C/C 3D 400MM 15MM,TRILHO ESCOND MOTUS ABERT TOQUE,8
Corredi‡a Oculta,TRILHO ESCOND MOTUS ABERT TOQUE E.T C/C 3D 450MM 15MM,TRILHO ESCOND MOTUS ABERT TOQUE,6
Corredi‡a Oculta,TRILHO ESCOND MOTUS ABERT TOQUE E.T C/C 3D 500MM 15MM,TRILHO ESCOND MOTUS ABERT TOQUE,12
Corredi‡a Oculta,TRILHO ESCOND MOTUS ABERT TOQUE E.T C/C 3D 550MM 15MM,TRILHO ESCOND MOTUS ABERT TOQUE,3
Corredi‡a Oculta,TRILHO ESCOND MOTUS SOFT ET CC 3D 300MM 15MM,TRILHO ESCOND MOTUS SOFT,17
Corredi‡a Oculta,TRILHO ESCOND MOTUS SOFT ET CC 3D 350MM 15MM,TRILHO ESCOND MOTUS SOFT,22
Corredi‡a Oculta,TRILHO ESCOND MOTUS SOFT ET CC 3D 350MM 18MM,TRILHO ESCOND MOTUS SOFT,14
Corredi‡a Oculta,TRILHO ESCOND MOTUS SOFT ET CC 3D 400MM 15MM,TRILHO ESCOND MOTUS SOFT,42
Corredi‡a Oculta,TRILHO ESCOND MOTUS SOFT ET CC 3D 400MM 18MM,TRILHO ESCOND MOTUS SOFT,19
Corredi‡a Oculta,TRILHO ESCOND MOTUS SOFT ET CC 3D 450MM 15MM,TRILHO ESCOND MOTUS SOFT,41
Corredi‡a Oculta,TRILHO ESCOND MOTUS SOFT ET CC 3D 450MM 18MM,TRILHO ESCOND MOTUS SOFT,18
Corredi‡a Oculta,TRILHO ESCOND MOTUS SOFT ET CC 3D 550MM 18MM,TRILHO ESCOND MOTUS SOFT,18
Corredi‡a Oculta,TRILHO ESCONDMOTUS SOFT ET CC 3D 300MM 18MM,TRILHO ESCOND MOTUS SOFT,9
Corredi‡a Oculta,TRILHO ESCONDMOTUS SOFT ET CC 3D 500MM 15MM,TRILHO ESCOND MOTUS SOFT,60
Corredi‡a Oculta,TRILHO ESCONDMOTUS SOFT ET CC 3D 500MM 18MM,TRILHO ESCOND MOTUS SOFT,21
Corredi‡a Oculta,TRILHO ESCONDMOTUS SOFT ET CC 3D 550MM 15MM,TRILHO ESCOND MOTUS SOFT,10
Corredi‡a Oculta,TRILHO ESCOND MOTUS SOFT E ABERT TOQUE ET CC 3D 350MM 15MM,TRILHO ESCOND MOTUS SOFT E ABERT TOQUE,1
Corredi‡a Oculta,TRILHO ESCOND MOTUS SOFT E ABERT TOQUE ET CC 3D 350MM 18MM,TRILHO ESCOND MOTUS SOFT E ABERT TOQUE,1
Corredi‡a Oculta,TRILHO ESCOND MOTUS SOFT E ABERT TOQUE ET CC 3D 400MM 15MM,TRILHO ESCOND MOTUS SOFT E ABERT TOQUE,1
Corredi‡a Oculta,TRILHO ESCOND MOTUS SOFT E ABERT TOQUE ET CC 3D 400MM 18MM,TRILHO ESCOND MOTUS SOFT E ABERT TOQUE,2
Corredi‡a Oculta,TRILHO ESCOND MOTUS SOFT E ABERT TOQUE ET CC 3D 450MM 15MM,TRILHO ESCOND MOTUS SOFT E ABERT TOQUE,1
Corredi‡a Oculta,TRILHO ESCOND MOTUS SOFT E ABERT TOQUE ET CC 3D 450MM 18MM,TRILHO ESCOND MOTUS SOFT E ABERT TOQUE,3
Corredi‡a Oculta,TRILHO ESCOND MOTUS SOFT E ABERT TOQUE ET CC 3D 500MM 15MM,TRILHO ESCOND MOTUS SOFT E ABERT TOQUE,1
Corredi‡a Oculta,TRILHO ESCOND MOTUS SOFT E ABERT TOQUE ET CC 3D 500MM 18MM,TRILHO ESCOND MOTUS SOFT E ABERT TOQUE,1
Corredi‡a Oculta,TRILHO ESCOND MOTUS SOFT E ABERT TOQUE ET CC 3D 550MM 15MM,TRILHO ESCOND MOTUS SOFT E ABERT TOQUE,1
Corredi‡a Oculta,TRILHO ESCOND SLIM FECHAMENTO SOFT EP CC 250MM MV175 15MM,TRILHO ESCOND SLIM FECHAMENTO SOFT MV175 / 176,19
Corredi‡a Oculta,TRILHO ESCOND SLIM FECHAMENTO SOFT EP CC 250MM MV176 18MM,TRILHO ESCOND SLIM FECHAMENTO SOFT MV175 / 176,22
Corredi‡a Oculta,TRILHO ESCOND SLIM FECHAMENTO SOFT EP CC 300MM MV175 15MM,TRILHO ESCOND SLIM FECHAMENTO SOFT MV175 / 176,14
Corredi‡a Oculta,TRILHO ESCOND SLIM FECHAMENTO SOFT EP CC 300MM MV176 18MM,TRILHO ESCOND SLIM FECHAMENTO SOFT MV175 / 176,8
Corredi‡a Oculta,TRILHO ESCOND SLIM FECHAMENTO SOFT EP CC 350MM MV175 15MM,TRILHO ESCOND SLIM FECHAMENTO SOFT MV175 / 176,19
Corredi‡a Oculta,TRILHO ESCOND SLIM FECHAMENTO SOFT EP CC 350MM MV176 18MM,TRILHO ESCOND SLIM FECHAMENTO SOFT MV175 / 176,6
Corredi‡a Oculta,TRILHO ESCOND SLIM FECHAMENTO SOFT EP CC 400MM MV175 15MM,TRILHO ESCOND SLIM FECHAMENTO SOFT MV175 / 176,18
Corredi‡a Oculta,TRILHO ESCOND SLIM FECHAMENTO SOFT EP CC 400MM MV176 18MM,TRILHO ESCOND SLIM FECHAMENTO SOFT MV175 / 176,9
Corredi‡a Oculta,TRILHO ESCOND SLIM FECHAMENTO SOFT EP CC 450MM MV175 15MM,TRILHO ESCOND SLIM FECHAMENTO SOFT MV175 / 176,21
Corredi‡a Oculta,TRILHO ESCOND SLIM FECHAMENTO SOFT EP CC 450MM MV176 18MM,TRILHO ESCOND SLIM FECHAMENTO SOFT MV175 / 176,10
Corredi‡a Oculta,TRILHO ESCOND SLIM FECHAMENTO SOFT EP CC 500MM MV175 15MM,TRILHO ESCOND SLIM FECHAMENTO SOFT MV175 / 176,14
Corredi‡a Oculta,TRILHO ESCOND SLIM FECHAMENTO SOFT EP CC 500MM MV176 18MM,TRILHO ESCOND SLIM FECHAMENTO SOFT MV175 / 176,9
Corredi‡a Oculta,TRILHO ESCOND DUO SOFT E TOQUE ET CC 300MM MV 173 15MM,TRILHO ESCOND SOFT E TOQUE DUO MV 173 / 174,5
Corredi‡a Oculta,TRILHO ESCOND DUO SOFT E TOQUE ET CC 300MM MV 174 18MM,TRILHO ESCOND SOFT E TOQUE DUO MV 173 / 174,5
Corredi‡a Oculta,TRILHO ESCOND DUO SOFT E TOQUE ET CC 350MM MV 173 15MM,TRILHO ESCOND SOFT E TOQUE DUO MV 173 / 174,13
Corredi‡a Oculta,TRILHO ESCOND DUO SOFT E TOQUE ET CC 350MM MV 174 18MM,TRILHO ESCOND SOFT E TOQUE DUO MV 173 / 174,6
Corredi‡a Oculta,TRILHO ESCOND DUO SOFT E TOQUE ET CC 400MM MV 173 15MM,TRILHO ESCOND SOFT E TOQUE DUO MV 173 / 174,18
Corredi‡a Oculta,TRILHO ESCOND DUO SOFT E TOQUE ET CC 400MM MV 174 18MM,TRILHO ESCOND SOFT E TOQUE DUO MV 173 / 174,7
Corredi‡a Oculta,TRILHO ESCOND DUO SOFT E TOQUE ET CC 450MM MV 173 15MM,TRILHO ESCOND SOFT E TOQUE DUO MV 173 / 174,19
Corredi‡a Oculta,TRILHO ESCOND DUO SOFT E TOQUE ET CC 450MM MV 174 18MM,TRILHO ESCOND SOFT E TOQUE DUO MV 173 / 174,6
Corredi‡a Oculta,TRILHO ESCOND DUO SOFT E TOQUE ET CC 500MM MV 173 15MM,TRILHO ESCOND SOFT E TOQUE DUO MV 173 / 174,22
Corredi‡a Oculta,TRILHO ESCOND DUO SOFT E TOQUE ET CC 500MM MV 174 18MM,TRILHO ESCOND SOFT E TOQUE DUO MV 173 / 174,7
Corredi‡a Oculta,TRILHO ESCOND DUO SOFT E TOQUE ET CC 550MM MV 173 15MM,TRILHO ESCOND SOFT E TOQUE DUO MV 173 / 174,3
Corredi‡a Oculta,TRILHO ESCOND DUO SOFT E TOQUE ET CC 550MM MV 174 18MM,TRILHO ESCOND SOFT E TOQUE DUO MV 173 / 174,3
Corredi‡a Oculta,TRILHO ESCONDIDO ABERTURA TOQUE E.P C/C 450MM OPEN MV90,TRILHO ESCONDIDO ABERTURA TOQUE E.P OPEN MV90,1
Corredi‡a Oculta,TRILHO ESCONDIDO ABERTURA TOQUE ET CC 300MM,TRILHO ESCONDIDO ABERTURA TOQUE ET,179
Corredi‡a Oculta,TRILHO ESCONDIDO ABERTURA TOQUE ET CC 350MM,TRILHO ESCONDIDO ABERTURA TOQUE ET,184
Corredi‡a Oculta,TRILHO ESCONDIDO ABERTURA TOQUE ET CC 400MM,TRILHO ESCONDIDO ABERTURA TOQUE ET,212
Corredi‡a Oculta,TRILHO ESCONDIDO ABERTURA TOQUE ET CC 450MM,TRILHO ESCONDIDO ABERTURA TOQUE ET,163
Corredi‡a Oculta,TRILHO ESCONDIDO ABERTURA TOQUE ET CC 500MM,TRILHO ESCONDIDO ABERTURA TOQUE ET,157
Corredi‡a Oculta,TRILHO ESCONDIDO ABERTURA TOQUE ET CC 550MM,TRILHO ESCONDIDO ABERTURA TOQUE ET,28
Corredi‡a Oculta,TRILHO ESCONDIDO ABERTURA TOQUE ET CP 350MM,TRILHO ESCONDIDO ABERTURA TOQUE ET,1
Corredi‡a Oculta,TRILHO ESCONDIDO ABERTURA TOQUE ET CP 450MM,TRILHO ESCONDIDO ABERTURA TOQUE ET,5
Corredi‡a Oculta,TRILHO ESCONDIDO ABERTURA TOQUE ET CP 500MM,TRILHO ESCONDIDO ABERTURA TOQUE ET,6
Corredi‡a Oculta,TRILHO ESCONDIDO FECHAMENTO NORMAL EP CP 300MM,TRILHO ESCONDIDO FECHAMENTO NORMAL EP,3
Corredi‡a Oculta,TRILHO ESCONDIDO FECHAMENTO NORMAL EP CP 350MM,TRILHO ESCONDIDO FECHAMENTO NORMAL EP,7
Corredi‡a Oculta,TRILHO ESCONDIDO FECHAMENTO NORMAL EP CP 400MM,TRILHO ESCONDIDO FECHAMENTO NORMAL EP,10
Corredi‡a Oculta,TRILHO ESCONDIDO FECHAMENTO NORMAL EP CP 450MM,TRILHO ESCONDIDO FECHAMENTO NORMAL EP,14
Corredi‡a Oculta,TRILHO ESCONDIDO FECHAMENTO NORMAL EP CP 500MM,TRILHO ESCONDIDO FECHAMENTO NORMAL EP,8
Corredi‡a Oculta,TRILHO ESCONDIDO FECHAMENTO NORMAL EP CP 550MM,TRILHO ESCONDIDO FECHAMENTO NORMAL EP,5
Corredi‡a Oculta,TRILHO ESCONDIDO FECHAMENTO SIMPLES ET CLIP 450MM MV164,TRILHO ESCONDIDO FECHAMENTO SIMPLES ET MV164,1
Corredi‡a Oculta,TRILHO ESCONDIDO FECHAMENTO SOFT E.P C/P 300MM,TRILHO ESCONDIDO FECHAMENTO SOFT E.P PINO,3
Corredi‡a Oculta,TRILHO ESCONDIDO FECHAMENTO SOFT E.P. C/P 350MM,TRILHO ESCONDIDO FECHAMENTO SOFT E.P PINO,3
Corredi‡a Oculta,TRILHO ESCONDIDO FECHAMENTO SOFT E.P. C/P 400MM,TRILHO ESCONDIDO FECHAMENTO SOFT E.P PINO,3
Corredi‡a Oculta,TRILHO ESCONDIDO FECHAMENTO SOFT E.P. C/P 450MM,TRILHO ESCONDIDO FECHAMENTO SOFT E.P PINO,1
Corredi‡a Oculta,TRILHO ESCONDIDO FECHAMENTO SOFT E.P. C/P 550MM,TRILHO ESCONDIDO FECHAMENTO SOFT E.P PINO,4
Corredi‡a Oculta,TRILHO ESCONDIDO FECHAMENTO SOFT EP CC 300MM,TRILHO ESCONDIDO FECHAMENTO SOFT EP CC,64
Corredi‡a Oculta,TRILHO ESCONDIDO FECHAMENTO SOFT EP CC 350MM,TRILHO ESCONDIDO FECHAMENTO SOFT EP CC,59
Corredi‡a Oculta,TRILHO ESCONDIDO FECHAMENTO SOFT EP CC 400MM,TRILHO ESCONDIDO FECHAMENTO SOFT EP CC,88
Corredi‡a Oculta,TRILHO ESCONDIDO FECHAMENTO SOFT EP CC 450MM,TRILHO ESCONDIDO FECHAMENTO SOFT EP CC,102
Corredi‡a Oculta,TRILHO ESCONDIDO FECHAMENTO SOFT EP CC 500MM,TRILHO ESCONDIDO FECHAMENTO SOFT EP CC,96
Corredi‡a Oculta,TRILHO ESCONDIDO FECHAMENTO SOFT EP CP 450MM OPEN MV98,TRILHO ESCONDIDO FECHAMENTO SOFT E.P PINO,4
Corredi‡a Oculta,TRILHO ESCONDIDO FECHAMENTO SOFT EP CP 500MM OPEN MV98,TRILHO ESCONDIDO FECHAMENTO SOFT E.P PINO,6
Corredi‡a Oculta,TRILHO ESCONDIDO FECHAMENTO SOFT ET CC 300MM,TRILHO ESCONDIDO FECHAMENTO SOFT ET,172
Corredi‡a Oculta,TRILHO ESCONDIDO FECHAMENTO SOFT ET CC 350MM,TRILHO ESCONDIDO FECHAMENTO SOFT ET,226
Corredi‡a Oculta,TRILHO ESCONDIDO FECHAMENTO SOFT ET CC 400MM,TRILHO ESCONDIDO FECHAMENTO SOFT ET,278
Corredi‡a Oculta,TRILHO ESCONDIDO FECHAMENTO SOFT ET CC 450MM,TRILHO ESCONDIDO FECHAMENTO SOFT ET,327
Corredi‡a Oculta,TRILHO ESCONDIDO FECHAMENTO SOFT ET CC 500MM,TRILHO ESCONDIDO FECHAMENTO SOFT ET,376
Corredi‡a Oculta,TRILHO ESCONDIDO FECHAMENTO SOFT ET CC 550MM,TRILHO ESCONDIDO FECHAMENTO SOFT ET,122
Corredi‡a Oculta,TRILHO ESCONDIDO FECHAMENTO SOFT ET CC 500MM 18MM MV148,TRILHO ESCONDIDO FECHAMENTO SOFT ET,1
Corredi‡a Telesc¢pica,TRILHO LIFE 400MM 35MM PORTA PANO,TRILHO LIFE 35MM PORTA PANO,260
Corredi‡a Telesc¢pica,TRILHO LIGHT 250MM 35MM,TRILHO LIGHT 35MM,262
Corredi‡a Telesc¢pica,TRILHO LIGHT 300MM 35MM,TRILHO LIGHT 35MM,395
Corredi‡a Telesc¢pica,TRILHO LIGHT 350MM 35MM,TRILHO LIGHT 35MM,441
Corredi‡a Telesc¢pica,TRILHO LIGHT 35X250MM TODESCHINI KIT,TRILHO LIGHT 35MM,64
Corredi‡a Telesc¢pica,TRILHO LIGHT 400MM 35MM,TRILHO LIGHT 35MM,760
Corredi‡a Telesc¢pica,TRILHO LIGHT 450MM 35MM,TRILHO LIGHT 35MM,833
Corredi‡a Telesc¢pica,TRILHO LIGHT 500MM 35MM,TRILHO LIGHT 35MM,376
Corredi‡a Telesc¢pica,TRILHO LIGTH 300MM TODESCHINI,TRILHO LIGHT 35MM,1
Corredi‡a Telesc¢pica,TRILHO LIGTH 35X300MM 4219300 TODESCHINI,TRILHO LIGHT 35MM,107
Corredi‡a Telesc¢pica,TRILHO LIGTH 35X450MM TODESCHINI 1018244 - 1983631,TRILHO LIGHT 35MM,107
Corredi‡a Telesc¢pica,TRILHO LIGHT INOX304 450MM 35MM,TRILHO LIGHT INOX 35MM,2
Corredi‡a Telesc¢pica,TRILHO LIGHT LIFE 250MM 35MM,TRILHO LIGHT LIFE 35MM,174
Corredi‡a Telesc¢pica,TRILHO LIGHT LIFE 250MM 35MM MV118,TRILHO LIGHT LIFE 35MM,459
Corredi‡a Telesc¢pica,TRILHO LIGHT LIFE 250MM 35MM MV151,TRILHO LIGHT LIFE 35MM,612
Corredi‡a Telesc¢pica,TRILHO LIGHT LIFE 300MM 35MM,TRILHO LIGHT LIFE 35MM,280
Corredi‡a Telesc¢pica,TRILHO LIGHT LIFE 300MM 35MM MV118,TRILHO LIGHT LIFE 35MM,820
Corredi‡a Telesc¢pica,TRILHO LIGHT LIFE 300MM 35MM MV151,TRILHO LIGHT LIFE 35MM,1005
Corredi‡a Telesc¢pica,TRILHO LIGHT LIFE 350MM 35MM,TRILHO LIGHT LIFE 35MM,285
Corredi‡a Telesc¢pica,TRILHO LIGHT LIFE 350MM 35MM MV118,TRILHO LIGHT LIFE 35MM,1083
Corredi‡a Telesc¢pica,TRILHO LIGHT LIFE 350MM 35MM MV151,TRILHO LIGHT LIFE 35MM,1040
Corredi‡a Telesc¢pica,TRILHO LIGHT LIFE 400MM 35MM,TRILHO LIGHT LIFE 35MM,313
Corredi‡a Telesc¢pica,TRILHO LIGHT LIFE 400MM 35MM MV118,TRILHO LIGHT LIFE 35MM,1102
Corredi‡a Telesc¢pica,TRILHO LIGHT LIFE 400MM 35MM MV151,TRILHO LIGHT LIFE 35MM,1105
Corredi‡a Telesc¢pica,TRILHO LIGHT LIFE 450MM 35MM,TRILHO LIGHT LIFE 35MM,290
Corredi‡a Telesc¢pica,TRILHO LIGHT LIFE 450MM 35MM MV118,TRILHO LIGHT LIFE 35MM,1072
Corredi‡a Telesc¢pica,TRILHO LIGHT LIFE 450MM 35MM MV151,TRILHO LIGHT LIFE 35MM,1133
Corredi‡a Telesc¢pica,TRILHO LIGHT LIFE 500MM 35MM,TRILHO LIGHT LIFE 35MM,200
Corredi‡a Telesc¢pica,TRILHO LIGHT LIFE 500MM 35MM MV118,TRILHO LIGHT LIFE 35MM,600
Corredi‡a Telesc¢pica,TRILHO LIGHT LIFE 500MM 35MM MV151,TRILHO LIGHT LIFE 35MM,592
Corredi‡a Telesc¢pica,TRILHO MINI LIGHT LIFE 250MM 30MM,TRILHO MINI LIGHT LIFE 30MM,27
Corredi‡a Telesc¢pica,TRILHO MINI LIGHT LIFE 250MM 30MM MV133,TRILHO MINI LIGHT LIFE 30MM,22
Corredi‡a Telesc¢pica,TRILHO MINI LIGHT LIFE 300MM 30MM,TRILHO MINI LIGHT LIFE 30MM,52
Corredi‡a Telesc¢pica,TRILHO MINI LIGHT LIFE 300MM 30MM MV133,TRILHO MINI LIGHT LIFE 30MM,20
Corredi‡a Telesc¢pica,TRILHO MINI LIGHT LIFE 300MM 30MM MV137,TRILHO MINI LIGHT LIFE 30MM,3
Corredi‡a Telesc¢pica,TRILHO MINI LIGHT LIFE 350MM 30MM,TRILHO MINI LIGHT LIFE 30MM,82
Corredi‡a Telesc¢pica,TRILHO MINI LIGHT LIFE 350MM 30MM BLACK,TRILHO MINI LIGHT LIFE 30MM,2
Corredi‡a Telesc¢pica,TRILHO MINI LIGHT LIFE 350MM 30MM MV133,TRILHO MINI LIGHT LIFE 30MM,25
Corredi‡a Telesc¢pica,TRILHO MINI LIGHT LIFE 400MM 30MM,TRILHO MINI LIGHT LIFE 30MM,85
Corredi‡a Telesc¢pica,TRILHO MINI LIGHT LIFE 400MM 30MM BLACK,TRILHO MINI LIGHT LIFE 30MM,2
Corredi‡a Telesc¢pica,TRILHO MINI LIGHT LIFE 400MM 30MM MV133,TRILHO MINI LIGHT LIFE 30MM,25
Corredi‡a Telesc¢pica,TRILHO MINI LIGHT LIFE 450MM 30MM,TRILHO MINI LIGHT LIFE 30MM,25
Corredi‡a Telesc¢pica,TRILHO MINI LIGHT LIFE 450MM 30MM MV133,TRILHO MINI LIGHT LIFE 30MM,6
Corredi‡a Telesc¢pica,TRILHO MOVE 250MM 42MM,TRILHO MOVE 42MM,15
Corredi‡a Telesc¢pica,TRILHO MOVE 300MM 42MM,TRILHO MOVE 42MM,25
Corredi‡a Telesc¢pica,TRILHO MOVE 350MM 42MM,TRILHO MOVE 42MM,29
Corredi‡a Telesc¢pica,TRILHO MOVE 400MM 42MM,TRILHO MOVE 42MM,33
Corredi‡a Telesc¢pica,TRILHO MOVE 450MM 42MM,TRILHO MOVE 42MM,32
Corredi‡a Telesc¢pica,TRILHO MOVE 500MM 42MM,TRILHO MOVE 42MM,23
Corredi‡a Telesc¢pica,TRILHO MOVE 550MM 42MM,TRILHO MOVE 42MM,5
Corredi‡a Telesc¢pica,TRILHO NORMAL 250MM 45MM,TRILHO NORMAL 45MM,1149
Corredi‡a Telesc¢pica,TRILHO NORMAL 300MM 45MM,TRILHO NORMAL 45MM,1381
Corredi‡a Telesc¢pica,TRILHO NORMAL 350MM 45MM,TRILHO NORMAL 45MM,1659
Corredi‡a Telesc¢pica,TRILHO NORMAL 400MM 45MM,TRILHO NORMAL 45MM,2140
Corredi‡a Telesc¢pica,TRILHO NORMAL 450MM 45MM,TRILHO NORMAL 45MM,2589
Corredi‡a Telesc¢pica,TRILHO NORMAL 45X450MM 4227450 TODESCHINI KIT,TRILHO NORMAL 45MM,107
Corredi‡a Telesc¢pica,TRILHO NORMAL 500MM 45MM,TRILHO NORMAL 45MM,2266
Corredi‡a Telesc¢pica,TRILHO NORMAL 550MM 45MM,TRILHO NORMAL 45MM,1454
Corredi‡a Telesc¢pica,TRILHO NORMAL 600MM 45MM,TRILHO NORMAL 45MM,1024
Corredi‡a Telesc¢pica,TRILHO NORMAL INOX 300MM 45MM MV114,TRILHO NORMAL INOX 45MM MV114,11
Corredi‡a Telesc¢pica,TRILHO NORMAL INOX 350MM 45MM MV114,TRILHO NORMAL INOX 45MM MV114,118
Corredi‡a Telesc¢pica,TRILHO NORMAL INOX 400MM 45MM MV114,TRILHO NORMAL INOX 45MM MV114,137
Corredi‡a Telesc¢pica,TRILHO NORMAL INOX 450MM 45MM MV114,TRILHO NORMAL INOX 45MM MV114,251
Corredi‡a Telesc¢pica,TRILHO NORMAL INOX 500MM 45MM MV114,TRILHO NORMAL INOX 45MM MV114,201
Corredi‡a Telesc¢pica,TRILHO NORMAL LIFE 250MM 45MM MV117,TRILHO NORMAL LIFE 45MM,246
Corredi‡a Telesc¢pica,TRILHO NORMAL LIFE 250MM 45MM MV150,TRILHO NORMAL LIFE 45MM,1163
Corredi‡a Telesc¢pica,TRILHO NORMAL LIFE 300MM 45MM MV117,TRILHO NORMAL LIFE 45MM,972
Corredi‡a Telesc¢pica,TRILHO NORMAL LIFE 300MM 45MM MV150,TRILHO NORMAL LIFE 45MM,2506
Corredi‡a Telesc¢pica,TRILHO NORMAL LIFE 300MM 45MMM,TRILHO NORMAL LIFE 45MM,213
Corredi‡a Telesc¢pica,TRILHO NORMAL LIFE 350MM 45MM,TRILHO NORMAL LIFE 45MM,276
Corredi‡a Telesc¢pica,TRILHO NORMAL LIFE 350MM 45MM MV117,TRILHO NORMAL LIFE 45MM,1281
Corredi‡a Telesc¢pica,TRILHO NORMAL LIFE 350MM 45MM MV150,TRILHO NORMAL LIFE 45MM,3287
Corredi‡a Telesc¢pica,TRILHO NORMAL LIFE 400MM 45MM,TRILHO NORMAL LIFE 45MM,368
Corredi‡a Telesc¢pica,TRILHO NORMAL LIFE 400MM 45MM MV117,TRILHO NORMAL LIFE 45MM,1374
Corredi‡a Telesc¢pica,TRILHO NORMAL LIFE 400MM 45MM MV150,TRILHO NORMAL LIFE 45MM,3767
Corredi‡a Telesc¢pica,TRILHO NORMAL LIFE 450MM 45MM,TRILHO NORMAL LIFE 45MM,396
Corredi‡a Telesc¢pica,TRILHO NORMAL LIFE 450MM 45MM MV117,TRILHO NORMAL LIFE 45MM,1722
Corredi‡a Telesc¢pica,TRILHO NORMAL LIFE 450MM 45MM MV150,TRILHO NORMAL LIFE 45MM,4197
Corredi‡a Telesc¢pica,TRILHO NORMAL LIFE 500MM 45MM,TRILHO NORMAL LIFE 45MM,332
Corredi‡a Telesc¢pica,TRILHO NORMAL LIFE 500MM 45MM MV117,TRILHO NORMAL LIFE 45MM,1449
Corredi‡a Telesc¢pica,TRILHO NORMAL LIFE 500MM 45MM MV150,TRILHO NORMAL LIFE 45MM,3542
Corredi‡a Telesc¢pica,TRILHO NORMAL LIFE 550MM 45MM MV150,TRILHO NORMAL LIFE 45MM,848
Corredi‡a Telesc¢pica,TRILHO NORMAL S 300MM 45MM,TRILHO NORMAL S 45MM,86
Corredi‡a Telesc¢pica,TRILHO NORMAL S 350MM 45MM,TRILHO NORMAL S 45MM,88
Corredi‡a Telesc¢pica,TRILHO NORMAL S 400MM 45MM,TRILHO NORMAL S 45MM,242
Corredi‡a Telesc¢pica,TRILHO NORMAL S 450MM 45MM,TRILHO NORMAL S 45MM,126
Corredi‡a Telesc¢pica,TRILHO NORMAL S 500MM 45MM,TRILHO NORMAL S 45MM,183
Corredi‡a Telesc¢pica,TRILHO SLIM 250MM 27MM,TRILHO SLIM 27MM,8
Corredi‡a Telesc¢pica,TRILHO SLIM 250MM 27MM MV119,TRILHO SLIM 27MM,9
Corredi‡a Telesc¢pica,TRILHO SLIM 300MM 27MM,TRILHO SLIM 27MM,21
Corredi‡a Telesc¢pica,TRILHO SLIM 300MM 27MM MV119,TRILHO SLIM 27MM,12
Corredi‡a Telesc¢pica,TRILHO SLIM 350MM 27MM,TRILHO SLIM 27MM,13
Corredi‡a Telesc¢pica,TRILHO SLIM 350MM 27MM 001N,TRILHO SLIM 27MM,39
Corredi‡a Telesc¢pica,TRILHO SLIM 350MM 27MM MV119,TRILHO SLIM 27MM,45
Corredi‡a Telesc¢pica,TRILHO SLIM 400MM 27MM,TRILHO SLIM 27MM,78
Corredi‡a Telesc¢pica,TRILHO SLIM 400MM 27MM MV119,TRILHO SLIM 27MM,93
Corredi‡a Telesc¢pica,TRILHO SLIM 450MM 27MM,TRILHO SLIM 27MM,28
Corredi‡a Telesc¢pica,TRILHO SLIM 450MM 27MM KIT C/1 ITALINEA-1724986,TRILHO SLIM 27MM,31
Corredi‡a Telesc¢pica,TRILHO SLIM 450MM 27MM KIT C/1TALINEA-6962182,TRILHO SLIM 27MM,11
Corredi‡a Telesc¢pica,TRILHO SLIM 450MM 27MM KIT C/2 ITALINEA-1724985,TRILHO SLIM 27MM,35
Corredi‡a Telesc¢pica,TRILHO SLIM 450MM 27MM KIT C/4 ITALINEA-1724975,TRILHO SLIM 27MM,37
Corredi‡a Telesc¢pica,TRILHO SLIM 450MM 27MM MV119,TRILHO SLIM 27MM,43
Corredi‡a Telesc¢pica,TRILHO TELESC ABERTURA TOQUE 300MM 45MM,TRILHO TELESC ABERTURA TOQUE 45MM,54
Corredi‡a Telesc¢pica,TRILHO TELESC ABERTURA TOQUE 300MM 45MM MV107,TRILHO TELESC ABERTURA TOQUE 45MM,700
Corredi‡a Telesc¢pica,TRILHO TELESC ABERTURA TOQUE 350MM 45MM,TRILHO TELESC ABERTURA TOQUE 45MM,55
Corredi‡a Telesc¢pica,TRILHO TELESC ABERTURA TOQUE 350MM 45MM MV107,TRILHO TELESC ABERTURA TOQUE 45MM,739
Corredi‡a Telesc¢pica,TRILHO TELESC ABERTURA TOQUE 350MM 45MM MV86,TRILHO TELESC ABERTURA TOQUE 45MM,5
Corredi‡a Telesc¢pica,TRILHO TELESC ABERTURA TOQUE 400MM 45MM,TRILHO TELESC ABERTURA TOQUE 45MM,60
Corredi‡a Telesc¢pica,TRILHO TELESC ABERTURA TOQUE 400MM 45MM MV107,TRILHO TELESC ABERTURA TOQUE 45MM,682
Corredi‡a Telesc¢pica,TRILHO TELESC ABERTURA TOQUE 400MM 45MM MV86,TRILHO TELESC ABERTURA TOQUE 45MM,7
Corredi‡a Telesc¢pica,TRILHO TELESC ABERTURA TOQUE 450MM 45MM,TRILHO TELESC ABERTURA TOQUE 45MM,55
Corredi‡a Telesc¢pica,TRILHO TELESC ABERTURA TOQUE 450MM 45MM MV107,TRILHO TELESC ABERTURA TOQUE 45MM,669
Corredi‡a Telesc¢pica,TRILHO TELESC ABERTURA TOQUE 450MM 45MM MV86,TRILHO TELESC ABERTURA TOQUE 45MM,5
Corredi‡a Telesc¢pica,TRILHO TELESC ABERTURA TOQUE 500MM 45MM,TRILHO TELESC ABERTURA TOQUE 45MM,49
Corredi‡a Telesc¢pica,TRILHO TELESC ABERTURA TOQUE 500MM 45MM MV107,TRILHO TELESC ABERTURA TOQUE 45MM,355
Corredi‡a Telesc¢pica,TRILHO TELESC ABERTURA TOQUE 500MM 45MM MV86,TRILHO TELESC ABERTURA TOQUE 45MM,3
Corredi‡a Telesc¢pica,TRILHO TELESC ABERTURA TOQUE 550MM 45MM,TRILHO TELESC ABERTURA TOQUE 45MM,10
Corredi‡a Telesc¢pica,TRILHO TELESC ABERTURA TOQUE 550MM 45MM MV107,TRILHO TELESC ABERTURA TOQUE 45MM,50
Corredi‡a Telesc¢pica,TRILHO TELESC FECHAMENTO SOFT 300MM 45MM,TRILHO TELESC FECHAMENTO SOFT 45MM,109
Corredi‡a Telesc¢pica,TRILHO TELESC FECHAMENTO SOFT 300MM 45MM MV 85,TRILHO TELESC FECHAMENTO SOFT 45MM,1
Corredi‡a Telesc¢pica,TRILHO TELESC FECHAMENTO SOFT 300MM 45MM MV106,TRILHO TELESC FECHAMENTO SOFT 45MM,76
Corredi‡a Telesc¢pica,TRILHO TELESC FECHAMENTO SOFT 300MM 45MM MV143,TRILHO TELESC FECHAMENTO SOFT 45MM,1083
Corredi‡a Telesc¢pica,TRILHO TELESC FECHAMENTO SOFT 350MM 45MM,TRILHO TELESC FECHAMENTO SOFT 45MM,97
Corredi‡a Telesc¢pica,TRILHO TELESC FECHAMENTO SOFT 350MM 45MM MV 85,TRILHO TELESC FECHAMENTO SOFT 45MM,33
Corredi‡a Telesc¢pica,TRILHO TELESC FECHAMENTO SOFT 350MM 45MM MV106,TRILHO TELESC FECHAMENTO SOFT 45MM,99
Corredi‡a Telesc¢pica,TRILHO TELESC FECHAMENTO SOFT 350MM 45MM MV143,TRILHO TELESC FECHAMENTO SOFT 45MM,1290
Corredi‡a Telesc¢pica,TRILHO TELESC FECHAMENTO SOFT 400MM 45MM,TRILHO TELESC FECHAMENTO SOFT 45MM,78
Corredi‡a Telesc¢pica,TRILHO TELESC FECHAMENTO SOFT 400MM 45MM MV 85,TRILHO TELESC FECHAMENTO SOFT 45MM,48
Corredi‡a Telesc¢pica,TRILHO TELESC FECHAMENTO SOFT 400MM 45MM MV106,TRILHO TELESC FECHAMENTO SOFT 45MM,163
Corredi‡a Telesc¢pica,TRILHO TELESC FECHAMENTO SOFT 400MM 45MM MV143,TRILHO TELESC FECHAMENTO SOFT 45MM,1613
Corredi‡a Telesc¢pica,TRILHO TELESC FECHAMENTO SOFT 450MM 45MM,TRILHO TELESC FECHAMENTO SOFT 45MM,444
Corredi‡a Telesc¢pica,TRILHO TELESC FECHAMENTO SOFT 450MM 45MM MV 85,TRILHO TELESC FECHAMENTO SOFT 45MM,4
Corredi‡a Telesc¢pica,TRILHO TELESC FECHAMENTO SOFT 450MM 45MM MV106,TRILHO TELESC FECHAMENTO SOFT 45MM,4
Corredi‡a Telesc¢pica,TRILHO TELESC FECHAMENTO SOFT 450MM 45MM MV143,TRILHO TELESC FECHAMENTO SOFT 45MM,2222
Corredi‡a Telesc¢pica,TRILHO TELESC FECHAMENTO SOFT 500MM 45MM,TRILHO TELESC FECHAMENTO SOFT 45MM,67
Corredi‡a Telesc¢pica,TRILHO TELESC FECHAMENTO SOFT 500MM 45MM MV 85,TRILHO TELESC FECHAMENTO SOFT 45MM,107
Corredi‡a Telesc¢pica,TRILHO TELESC FECHAMENTO SOFT 500MM 45MM MV106,TRILHO TELESC FECHAMENTO SOFT 45MM,166
Corredi‡a Telesc¢pica,TRILHO TELESC FECHAMENTO SOFT 500MM 45MM MV143,TRILHO TELESC FECHAMENTO SOFT 45MM,1958
Corredi‡a Telesc¢pica,TRILHO TELESC FECHAMENTO SOFT 550MM 45MM,TRILHO TELESC FECHAMENTO SOFT 45MM,49
Corredi‡a Telesc¢pica,TRILHO TELESC FECHAMENTO SOFT 550MM 45MM MV106,TRILHO TELESC FECHAMENTO SOFT 45MM,11
Corredi‡a Telesc¢pica,TRILHO TELESC FECHAMENTO SOFT 550MM 45MM MV143,TRILHO TELESC FECHAMENTO SOFT 45MM,431
Corredi‡a Telesc¢pica,TRILHO TELESC FECHAMENTO SOFT 600MM 45MM,TRILHO TELESC FECHAMENTO SOFT 45MM,26
Corredi‡a Telesc¢pica,"TRILHO TELESCOPICO FECHAMENTO SOFT 45MM X 450MM 18"" -",TRILHO TELESC FECHAMENTO SOFT 45MM,1
Corredi‡a Telesc¢pica,TRILHO TELESC FECHAMENTO SOFT 300MM INOX 45MM,TRILHO TELESC FECHAMENTO SOFT INOX 45MM,7
Corredi‡a Telesc¢pica,TRILHO TELESC FECHAMENTO SOFT 350MM INOX 45MM,TRILHO TELESC FECHAMENTO SOFT INOX 45MM,7
